Workbook

Sheet Datos
A1: Measurement results
A2: Nazareno UbyPa MIC od600 (1)
A3: 17/4/2026 10:22:16
A5: Absorbance 1
A6: Wavelength: 600 nm
A8: Plate 1
A10: Abs | B10: 1 | C10: 2 | D10: 3 | E10: 4 | F10: 5 | G10: 6 | H10: 7 | I10: 8 | J10: 9 | K10: 10 | L10: 11 | M10: 12
A11: A | B11: 0.051 | C11: 0.056 | D11: 0.054 | E11: 0.055 | F11: 0.057 | G11: 0.054 | H11: 0.06 | I11: 0.06 | J11: 0.059 | K11: 0.078 | L11: 0.106 | M11: 0.244
A12: B | B12: 0.047 | C12: 0.052 | D12: 0.051 | E12: 0.052 | F12: 0.058 | G12: 0.061 | H12: 0.055 | I12: 0.096 | J12: 0.108 | K12: 0.109 | L12: 0.11 | M12: 0.175
A13: C | B13: 0.048 | C13: 0.053 | D13: 0.055 | E13: 0.056 | F13: 0.058 | G13: 0.089 | H13: 0.068 | I13: 0.1 | J13: 0.095 | K13: 0.105 | L13: 0.205 | M13: 0.205
A14: D | B14: 0.039 | C14: 0.039 | D14: 0.04 | E14: 0.041 | F14: 0.042 | G14: 0.043 | H14: 0.059 | I14: 0.039 | J14: 0.042 | K14: 0.043 | L14: 0.046 | M14: 0.043
A15: E | B15: 0.41 | C15: 0.542 | D15: 0.432
A16: F | B16: 0.05 | C16: 0.05 | D16: 0.054
A17: G | B17: 0.04 | C17: 0.043 | D17: 0.043 | E17: 0.042 | F17: 0.043 | G17: 0.041 | H17: 0.044 | I17: 0.041 | J17: 0.043 | K17: 0.041 | L17: 0.042 | M17: 0.043
A18: H
A20: Sample | B20: 1 | C20: 2 | D20: 3 | E20: 4 | F20: 5 | G20: 6 | H20: 7 | I20: 8 | J20: 9 | K20: 10 | L20: 11 | M20: 12
A21: A | B21: EMB dil Muestras0001 | C21: EMB dil Muestras0002 | D21: EMB dil Muestras0003 | E21: EMB dil Muestras0004 | F21: EMB dil Muestras0005 | G21: EMB dil Muestras0006 | H21: EMB dil Muestras0007 | I21: EMB dil Muestras0008 | J21: EMB dil Muestras0009 | K21: EMB dil Muestras0010 | L21: EMB dil Muestras0011 | M21: EMB dil Muestras0012
A22: B | B22: EMB dil Muestras0001 | C22: EMB dil Muestras0002 | D22: EMB dil Muestras0003 | E22: EMB dil Muestras0004 | F22: EMB dil Muestras0005 | G22: EMB dil Muestras0006 | H22: EMB dil Muestras0007 | I22: EMB dil Muestras0008 | J22: EMB dil Muestras0009 | K22: EMB dil Muestras0010 | L22: EMB dil Muestras0011 | M22: EMB dil Muestras0012
A23: C | B23: EMB dil Muestras0001 | C23: EMB dil Muestras0002 | D23: EMB dil Muestras0003 | E23: EMB dil Muestras0004 | F23: EMB dil Muestras0005 | G23: EMB dil Muestras0006 | H23: EMB dil Muestras0007 | I23: EMB dil Muestras0008 | J23: EMB dil Muestras0009 | K23: EMB dil Muestras0010 | L23: EMB dil Muestras0011 | M23: EMB dil Muestras0012
A24: D | B24: Correccion optica0001 | C24: Correccion optica0002 | D24: Correccion optica0003 | E24: Correccion optica0004 | F24: Correccion optica0005 | G24: Correccion optica0006 | H24: Correccion optica0007 | I24: Correccion optica0008 | J24: Correccion optica0009 | K24: Correccion optica0010 | L24: Correccion optica0011 | M24: Correccion optica0012
A25: E | B25: ctrl +0001 | C25: ctrl +0001 | D25: ctrl +0001
A26: F | B26: ctrl -0001 | C26: ctrl -0001 | D26: ctrl -0001
A27: G | B27: Blank1 | C27: Blank1 | D27: Blank1 | E27: Blank1 | F27: Blank1 | G27: Blank1 | H27: Blank1 | I27: Blank1 | J27: Blank1 | K27: Blank1 | L27: Blank1 | M27: Blank1
A28: H

Sheet Análisis
B2: Promedio Blancos | C2: Promedios C+ | D2: Promedios C- | E2: Promedio EMB
B3: =AVERAGE(Datos!B17:L17) -> 0.042090909 | C3: =AVERAGE(Datos!B15:D15) -> 0.46133333 | D3: =AVERAGE(Datos!B16:D16) -> 0.051333333 | E3: =AVERAGE(Datos!B14:M14) -> 0.043
B5: Curvas ajustadas: | P5: Curvas ajustadas:
B6: CC | C6: 512 | D6: =C6/2 -> 256 | E6: =D6/2 -> 128 | F6: =E6/2 -> 64 | G6: =F6/2 -> 32 | H6: =G6/2 -> 16 | I6: =H6/2 -> 8 | J6: =I6/2 -> 4 | K6: =J6/2 -> 2 | ... N6: =M6/2 -> 0.25 | P6: CC | Q6: 512 | R6: 256 | S6: 128 | T6: 64 | U6: 32 | V6: 16 | W6: 8 | X6: 4 | Y6: 2 | Z6: 1 | AA6: 0.5 | AB6: 0.25
B7: EMB 1 | C7: =Datos!B11-$B$3 -> 0.0089090909 | D7: =Datos!C11-$B$3 -> 0.013909091 | E7: =Datos!D11-$B$3 -> 0.011909091 | F7: =Datos!E11-$B$3 -> 0.012909091 | G7: =Datos!F11-$B$3 -> 0.014909091 | H7: =Datos!G11-$B$3 -> 0.011909091 | I7: =Datos!H11-$B$3 -> 0.017909091 | J7: =Datos!I11-$B$3 -> 0.017909091 | ... N7: =Datos!M11-$B$3 -> 0.20190909 | P7: EMB 1 | Q7: 0.0089090909 | R7: 0.013909091 | S7: 0.011909091 | T7: 0.012909091 | U7: 0.014909091 | V7: 0.011909091 | W7: 0.017909091 | X7: 0.017909091 | Y7: 0.016909091 | Z7: 0.035909091 | AA7: 0.063909091 | AB7: 0.20190909
B8: EMB 2 | C8: =Datos!B12-$B$3 -> 0.0049090909 | D8: =Datos!C12-$B$3 -> 0.0099090909 | E8: =Datos!D12-$B$3 -> 0.0089090909 | F8: =Datos!E12-$B$3 -> 0.0099090909 | G8: =Datos!F12-$B$3 -> 0.015909091 | H8: =Datos!G12-$B$3 -> 0.018909091 | I8: =Datos!H12-$B$3 -> 0.012909091 | J8: =Datos!I12-$B$3 -> 0.053909091 | ... N8: =Datos!M12-$B$3 -> 0.13290909 | P8: EMB 2 | Q8: 0.0049090909 | R8: 0.0099090909 | S8: 0.0089090909 | T8: 0.0099090909 | U8: 0.015909091 | V8: 0.018909091 | W8: 0.012909091 | X8: 0.053909091 | Y8: 0.065909091 | Z8: 0.066909091 | AA8: 0.067909091 | AB8: 0.13290909
B9: EMB 3 | C9: =Datos!B13-$B$3 -> 0.0059090909 | D9: =Datos!C13-$B$3 -> 0.010909091 | E9: =Datos!D13-$B$3 -> 0.012909091 | F9: =Datos!E13-$B$3 -> 0.013909091 | G9: =Datos!F13-$B$3 -> 0.015909091 | H9: =Datos!G13-$B$3 -> 0.046909091 | I9: =Datos!H13-$B$3 -> 0.025909091 | J9: =Datos!I13-$B$3 -> 0.057909091 | ... N9: =Datos!M13-$B$3 -> 0.16290909 | P9: EMB 3 | Q9: 0.0059090909 | R9: 0.010909091 | S9: 0.012909091 | T9: 0.013909091 | U9: 0.015909091 | V9: 0.046909091 | W9: 0.025909091 | X9: 0.057909091 | Y9: 0.052909091 | Z9: 0.062909091 | AA9: 0.16290909 | AB9: 0.16290909
B10: Promedio | C10: =AVERAGE(C7:C9) -> 0.0065757576 | D10: =AVERAGE(D7:D9) -> 0.011575758 | E10: =AVERAGE(E7:E9) -> 0.011242424 | F10: =AVERAGE(F7:F9) -> 0.012242424 | G10: =AVERAGE(G7:G9) -> 0.015575758 | H10: =AVERAGE(H7:H9) -> 0.025909091 | I10: =AVERAGE(I7:I9) -> 0.018909091 | J10: =AVERAGE(J7:J9) -> 0.043242424 | ... N10: =AVERAGE(N7:N9) -> 0.16590909 | P10: Promedio | Q10: 0.0065757576 | R10: 0.011575758 | S10: 0.011242424 | T10: 0.012242424 | U10: 0.015575758 | V10: 0.025909091 | W10: 0.018909091 | X10: 0.043242424 | Y10: 0.045242424 | Z10: 0.055242424 | AA10: 0.098242424 | AB10: 0.16590909
B11: Desvio STD | C11: =_xlfn.STDEV.P(C7:C9) -> 0.0016996732 | D11: =_xlfn.STDEV.P(D7:D9) -> 0.0016996732 | E11: =_xlfn.STDEV.P(E7:E9) -> 0.0016996732 | F11: =_xlfn.STDEV.P(F7:F9) -> 0.0016996732 | G11: =_xlfn.STDEV.P(G7:G9) -> 0.00047140452 | H11: =_xlfn.STDEV.P(H7:H9) -> 0.015121728 | I11: =_xlfn.STDEV.P(I7:I9) -> 0.0053541261 | J11: =_xlfn.STDEV.P(J7:J9) -> 0.01798765 | ... N11: =_xlfn.STDEV.P(N7:N9) -> 0.028248894 | P11: Desvio STD | Q11: 0.0016996732 | R11: 0.0016996732 | S11: 0.0016996732 | T11: 0.0016996732 | U11: 0.00047140452 | V11: 0.015121728 | W11: 0.0053541261 | X11: 0.01798765 | Y11: 0.020725722 | Z11: 0.013767918 | AA11: 0.045755388 | AB11: 0.028248894
B13: C+ (-blanco) | C13: =C3-B3 -> 0.41924242
B14: C- (-blanco) | C14: =D3-B3 -> 0.0092424242
B17: CC | C17: EMB 1 | D17: EMB 2 | E17: EMB 3 | F17: Promedio | G17: Desvio STD
B18: 512 | C18: 0.0089090909 | D18: 0.0049090909 | E18: 0.0059090909 | F18: 0.0065757576 | G18: 0.0016996732
B19: =B18/2 -> 256 | C19: 0.013909091 | D19: 0.0099090909 | E19: 0.010909091 | F19: 0.011575758 | G19: 0.0016996732
B20: =B19/2 -> 128 | C20: 0.011909091 | D20: 0.0089090909 | E20: 0.012909091 | F20: 0.011242424 | G20: 0.0016996732
B21: =B20/2 -> 64 | C21: 0.012909091 | D21: 0.0099090909 | E21: 0.013909091 | F21: 0.012242424 | G21: 0.0016996732
B22: =B21/2 -> 32 | C22: 0.014909091 | D22: 0.015909091 | E22: 0.015909091 | F22: 0.015575758 | G22: 0.00047140452
B23: =B22/2 -> 16 | C23: 0.011909091 | D23: 0.018909091 | E23: 0.046909091 | F23: 0.025909091 | G23: 0.015121728
B24: =B23/2 -> 8 | C24: 0.017909091 | D24: 0.012909091 | E24: 0.025909091 | F24: 0.018909091 | G24: 0.0053541261
B25: =B24/2 -> 4 | C25: 0.017909091 | D25: 0.053909091 | E25: 0.057909091 | F25: 0.043242424 | G25: 0.01798765
B26: =B25/2 -> 2 | C26: 0.016909091 | D26: 0.065909091 | E26: 0.052909091 | F26: 0.045242424 | G26: 0.020725722
B27: =B26/2 -> 1 | C27: 0.035909091 | D27: 0.066909091 | E27: 0.062909091 | F27: 0.055242424 | G27: 0.013767918
B28: =B27/2 -> 0.5 | C28: 0.063909091 | D28: 0.067909091 | E28: 0.16290909 | F28: 0.098242424 | G28: 0.045755388
B29: =B28/2 -> 0.25 | C29: 0.20190909 | D29: 0.13290909 | E29: 0.16290909 | F29: 0.16590909 | G29: 0.028248894

Sheet Gráficos
